T0,T1,T2,T3,T4,T5,T6,T7,T8,T9
6.127065521451527,11.261032157736194,-0.0036653329271274376,7.011390120114999,2.6475841624487977,-0.9552666837364026,-1.0484334368192483,6.225465477628309,8.45795873406367,-0.6815139616893175
6.273497301221264,11.587535252454101,0.9144453757873718,7.090216832103352,2.684475764502222,-1.3413829379306885,-0.764850589865668,6.119791380787831,8.77773000034915,-0.031123274140297863
6.4939199565686865,11.896060309233237,1.4812702370466637,6.506363546233834,1.9920036716478948,-1.79564473860344,-0.5387615889714069,6.028337111490759,8.811194497032627,0.33801570379022455
6.819468698043517,11.826708907537753,1.666886988269716,5.754496241310842,1.2197775195650071,-1.8147350721441144,-0.5058492936559712,5.7545148722339565,9.401285621605656,1.1376246186733108
7.190247046476571,11.943981911807258,1.3547200454111437,5.092941820830826,0.9429976426153228,-1.1303596569580785,-0.21341861050921457,5.928680149669528,9.896849722604868,1.9419787918291909
7.282637136619783,11.242975985096583,0.6221050797639167,4.667175122561673,0.8821898742098214,-1.160559431236442,-0.2644898795706627,6.03937426035529,10.63779352743225,2.920534535476171
7.4689115524144745,10.083906354759138,-0.3439450186918117,4.994193046965567,1.0472024340888975,-0.7657986554051395,0.3600058117566471,6.391714897183142,11.568390319676078,3.9505225149375356
6.79785162215632,8.24421103725901,-0.6918625074836262,5.4845802225007425,1.609472084003528,-0.438655764901941,0.6220772506091682,6.928117555578778,12.828939238274245,4.580952298539262
5.846780793638859,6.670231025615518,-0.33592542947628523,5.850471026512999,1.9212200643453872,-0.4205715222723454,0.9252320583127591,7.482091379852955,14.00796946914563,4.429361052346914
4.493071494257304,6.0935803555593,0.575917751175507,6.1490833730843235,2.0132480864032445,-0.47651075229451056,1.2681308862271445,8.617575180684977,14.806701141749581,2.6644682672811006
4.243211059319728,6.267662919426389,1.5150252356284672,6.183445981068931,2.2606091082146795,-0.3639213069822582,1.4403708327272697,9.471948737102032,14.47309438705035,-0.48035823843033854
5.077110679269825,7.311384695289147,2.5364966567237355,5.793888607506265,1.9125946997535281,-0.22035225439835837,1.9165226462638947,10.720180230251653,12.29295270808285,-3.4432136920465597
5.7678467909587114,9.292670508649845,2.70733286392515,5.0918606321801185,1.4501552117513177,-0.07597142907206791,2.050313219131091,11.570041684105714,8.705271787686044,-5.986552809109449
4.641285626664972,11.843585327706023,2.5551753868268117,4.300664775459481,1.2023217500844483,0.11474522520921743,2.6741343610445805,12.002065042204643,3.56086854515116,-6.977424902819563
0.6917475823210841,13.062210078429038,3.3674819902008593,2.8019250357014585,1.33320848892102,0.6094710563569272,3.2540852623193843,12.060675433258536,-2.089828604272897,-6.200287409777956
-2.721609717495197,12.608520567899692,5.5403973047102175,0.6368812987462519,1.371035906726397,1.2988987903651064,4.11508957986443,11.023457587397465,-6.51529684274354,-2.8583896084055294
-2.098562441052345,11.566166144445654,7.046143306607083,-2.187932996134915,2.0177578344104594,2.1942392411100835,5.234595704869889,8.836805144588622,-7.955033748547047,2.7834120350123133
2.6850294538023247,11.571012698378928,5.414579639505034,-4.340193316917353,2.915830126375768,3.9383672816742736,5.852632961604079,6.101377626309851,-7.565635288797211,5.655386903213755
8.266742309742689,10.421032497656231,0.005106145342104901,-4.7535250017384065,3.00852607469648,5.880461703400528,6.6365981797883595,2.9154022129786195,-6.465745487835078,5.529700107534907
11.508553224499254,6.779096146222685,-5.349077434666481,-3.184628913676483,1.484924229316261,6.975620917554087,6.245169002769253,-0.7671312285472093,-5.851764444147929,2.913946975917402
12.187993020153671,2.0071345984650097,-7.612213133396471,-1.5673484194379064,0.2923342321931331,7.5841100808569735,5.209918863846013,-4.072011889928646,-4.503521424924439,-0.312713828131402
11.818715205716833,-0.9205069563652779,-6.897382864996231,-0.5978696040108948,0.19770311991896683,7.603030519823957,3.5804523362461906,-5.7406165245617995,-2.324984446530363,-2.7853627172004822
11.774095612035243,-2.170734178560451,-5.078097503358632,-0.9288545477947655,-0.08104412588283627,7.852368595054903,1.7772348411289514,-6.217665541128872,-0.07548207603487025,-2.9785030327159103
12.191061431836925,-2.4404728570711436,-2.73834660152785,-0.8156416948099654,-0.10995705379113233,7.794070231847715,-0.030015570154240764,-5.572598040591919,1.3264951940880783,-1.7746982718353561
12.27409513883623,-2.482936227979486,-0.510232138139576,-0.3443492163679581,0.357370745897473,7.969502450474698,-1.4368170015492894,-4.6770009480597405,1.7368329450912736,0.2474815900206636
11.961673440407884,-2.2121944958808912,1.2158889183033297,0.20472146104085343,0.6798343455838534,7.869909481597379,-2.70065215327586,-3.06937007791056,1.55773531255043,1.9095096916738228
11.249081491547045,-2.042433066213883,2.720680879242641,1.162966623719397,1.324267116908248,7.995428851865099,-3.217778475222569,-1.6153443835000247,1.247316964620572,3.369559208002437
10.458968471640386,-1.752470568014386,3.9899917702742367,1.9094834556305735,2.1486158872734116,7.681461946145674,-3.457656961372369,0.03139937077327738,1.5975521918403848,4.612334045346964
9.884690029343677,-1.2444223813573554,4.85618000993245,3.309117520735402,2.7313462598772924,7.221910863026533,-3.538933260288962,1.7006504503443,2.1988967333461797,5.592434817573419
8.355777521745097,-1.2373613335144964,5.402685778722575,4.568536276230125,3.279827339870802,6.093894120821337,-3.1251538168811046,2.5396190953718265,3.592361998960034,6.703378672967486
6.488460720770961,-1.4144072100174425,5.730348516276869,6.0712789830139196,3.522423820749421,4.984758171661854,-2.566343909817886,3.2310235435607595,5.328676761200943,7.882908275659271
3.3888797614056587,-1.4043239573018462,5.851422678644349,7.819320801582451,3.1957882762223018,3.6190132538467004,-2.158330529803001,3.054564149853403,7.264542254840487,8.73135605493742
0.007333897257828265,-1.1111055791013051,5.684710847077188,9.175175116663603,2.2872840489423614,2.4671620228367144,-1.4793990299449122,2.902149556021323,9.042542428449371,8.015116884472162
-3.2415486640914377,-0.47411300856188954,5.599811752478158,9.981471834605221,1.1872173679099707,1.781057117333549,-0.7205260737212786,3.041054146462992,10.131758336709677,5.80973002691213
-4.688308418528916,-0.23866104501406127,5.600562764363694,10.09584290447734,-0.1914863672810136,1.999789801486901,0.01472644069061483,3.2631034729818573,10.889185770115706,2.5018955026982344
-4.303754182761334,-0.9285531928893186,5.538845384701354,9.914755409794743,-1.1862539540054051,2.828044822972016,0.9285492557693996,3.869340853175035,10.773198105521729,-1.799270659419055
-1.4709836481347645,-1.566622251336749,4.755649417000019,10.083782786621772,-1.759180112515655,3.6458516026714896,2.1908006922484486,4.6388820442515355,9.727668758880707,-4.696140675737666
1.5410228810041593,-0.8902550349451247,4.510058183103901,10.008957770602711,-1.2009078327916787,4.58506235270526,3.956209097958863,5.562128948595786,7.5711362035722285,-6.178325098032122
3.9263239968163846,1.0031170505268077,4.587750686757927,9.70726398623829,-0.6035306802802448,4.937975947736014,5.800390695946855,5.8455392035478715,4.50381446063274,-6.278491224853581
4.587254766105868,3.9996565871784195,5.6856344059070825,9.122353375783918,-0.07050830443896267,5.33952821825514,7.604385503408796,5.409378688682923,1.0781867189281027,-5.743448350778503
3.191786506644621,6.562608870731307,6.743877278718671,7.589117700660097,0.3102197764029456,5.651270602346911,8.831405466392813,3.2636544310393045,-1.1563591987921964,-4.997534695760753
1.5520803280052275,8.081469941426661,8.353881170913656,4.866596090905925,0.1019325266925663,5.820031378595859,9.5220157089594,0.28483833200506326,-2.0415138113511424,-4.195827811071265
0.13523099825200008,8.525216364943761,9.65962586890855,1.506178914304809,-0.12276105140832777,5.903606541002392,8.99999109292822,-2.526629019080729,-0.6835608120309316,-3.7059930643268224
-0.7255316357441316,8.62455103940996,9.645683120034562,-1.9912230307262089,0.5953671237512672,6.4067478712305705,7.891955937336342,-4.403447155534124,2.0170760786438025,-2.614160436184325
-0.807744936227459,8.20713245913546,8.5286344415826,-4.637197306929106,1.4957001497541484,6.895773951261988,6.174327977822498,-4.595486416468458,4.388534119796389,-1.7619893465643963
-0.29535400314264637,7.861273425246606,6.598319893558895,-6.317916782914689,1.998196377738375,7.9728263498784715,4.08292312816368,-4.667775735374231,6.119150973331909,0.055318760321293674
-0.022293417565570517,7.85220680759605,4.211747901756146,-7.313322368347046,1.5215914521235443,8.995427822050663,1.8386525383817303,-4.117983466315578,6.807619990644005,1.7654423034610032
0.7052540872688199,8.1940770103584,1.5293528196600763,-7.202727454560328,-0.4772610932190381,9.244477136838716,0.12245119207869648,-3.4683538391542057,6.4021398898119015,3.686166531416505
1.7883948782745107,7.862149640234387,-1.3722682269843207,-6.599684009111795,-3.0187295043776916,8.65462948647875,0.12721360940976348,-3.0338105932337505,6.070305560027876,5.437294291383597
2.492337248879419,7.161452039072083,-3.710185518097704,-4.217285726767161,-5.463467037683437,7.371153169510817,1.0690139718702132,-2.3472593061123095,5.645002815464719,7.0239447259542445
3.244201406827426,5.47410556924902,-4.601280106674017,-1.098520478017283,-5.927025323064599,6.465305525326108,2.796638695816676,-1.9104623284438356,5.3344170961730235,8.37066906424622
3.4307100617263964,3.363374290380875,-4.611934160850401,1.583635167112794,-4.617753987615405,5.495442934907095,4.164960020215231,-1.5332087779536314,4.880330955426871,9.666141493592407
2.3553759806400807,1.3384243172310608,-3.931647520498243,3.423699961447292,-3.0536349140342303,5.385466884130975,5.231534767948596,-1.045894340992642,5.007754732547607,10.834550292748611
0.5926149543966306,0.6649341053153005,-3.153001195255615,4.373101912534514,-0.40844146547487165,5.509855463243167,5.8797310104756795,-0.6857867750472946,4.946433648011731,11.66707726855469
-0.9414176972701146,1.2499029336322012,-2.224237385550063,4.679538225950134,1.8666506710846886,5.937403649760502,5.630566792405359,-0.49563176316858326,4.986574855104294,11.41184732909231
-2.189866205226581,2.6367690113177544,-1.2402625611449363,4.882163955800697,4.1352265131976464,6.108723001021748,4.895046904746309,-0.0928349730961471,4.985021423318646,11.031068900896418
-2.311464682168202,4.37027378548137,0.8278137255715327,4.76953140118943,5.70777890193235,6.122567289318213,3.8457492543017424,0.20261991260934187,5.34078230817119,10.389867925454556
-2.121807654381324,5.557165812296107,3.1053361634303904,5.344529167135757,6.8891603134693185,5.606575044797219,2.2369968717816784,0.635659339019839,5.794276467737997,9.71791476099908
-1.2873245710534074,6.068582211710481,5.380601507702048,5.895723327470217,7.524168019471552,4.159267661745496,0.9989880435044852,1.1800767921562,6.2320423042513795,8.88870225956788
-0.990019773031017,6.337897532732585,8.092368763074713,6.566345582984083,6.670352901182512,2.572323013745001,0.7093313725425064,1.7165273709017308,6.927516106496788,8.205430337977878
-0.7222335721235181,6.4304094283184305,10.460391732981257,6.13401827852044,4.3150345300525546,1.6029987643393044,0.7104358967396976,2.3925044557037802,7.680880956253872,7.095744360332503
-0.7825925018025528,6.539446113824322,12.296086264935731,4.429665296456316,1.9661692748321618,1.094423127760956,0.9731405400021068,2.939008442503408,8.520634284502899,5.886984452137382
-0.9188214445702655,6.352128792540812,13.458790612169699,1.6693192027781154,0.5834594065766656,1.2815529844602707,1.4758443209505316,3.7401341718784065,9.235559124011035,4.2396201216888585
-0.8780263058561124,6.043491921596937,13.586607749126804,-1.674708358319098,1.4416835337944685,1.918451803487416,2.2651857416485006,4.646927133348705,9.475954285824464,2.282491436368672
-0.47905331042857424,5.904805817258347,12.51670656003298,-3.715439562268037,3.1452671634825475,2.9935974554184535,2.9152654043640305,5.8347834516875565,9.188780044921849,-0.2186749566276163
0.21663872076068208,6.073885925377316,11.511120671500542,-3.7854252098198953,5.133105638687268,4.820521043582514,3.884276455161484,6.6367749955533535,7.759438722411689,-2.516489399678688
0.5282120135021842,6.416617280832248,10.23809776935501,-3.600584840220582,6.276695523160721,7.426750040200613,4.498452947120579,7.055762963761795,5.309802147846453,-3.8755072089885942
0.5341866105731659,7.131374478033251,9.093553373359292,-2.796549638676957,6.783796318087684,9.838436874782055,4.773640158283842,6.121272280794181,2.4984874727896105,-4.454367218089201
-0.3264075517257651,7.33016222754044,8.015263904848535,-2.5818389990053916,6.311853979680413,12.122354198840204,4.361802402340843,4.089642546496117,0.5934776202933466,-4.213410574585907
-0.7526176651474914,6.999585130519071,7.5148772141799745,-2.4289222601982092,5.97770466818144,13.759148909560531,2.7706319518363287,2.161085254771729,0.16385141208091764,-3.5311119075248767
-1.5901478770185427,6.612462370147436,7.188599349584035,-2.121188261264781,5.288764934677908,14.7888541727452,0.25917522388037795,1.5978146611112745,0.12638395467149283,-2.7628302923524113
-1.6266668828163184,5.842028726586356,7.076488955871756,-2.1780707045394236,4.859440200865984,14.959679788778375,-1.4448293031490824,2.4137829944783524,0.3180740795462824,-2.091433382278777
-1.6186801667863702,5.346028151593155,7.283287807357935,-1.93202172298246,4.2990194479841595,14.458897411462068,-1.8513229962060984,4.059591541724514,0.838203607805783,-1.6570777399930956
-1.5127887251815544,4.984822951456678,7.222374230860947,-1.5940382128830477,3.8835131574406683,14.515902691969261,-0.7648778777659653,5.565322971040757,1.395057813568723,-1.5964894513370276
-1.170019877135986,4.610331418551496,7.5711846341621385,-1.570381196346021,3.5841031347078958,14.699401507164945,0.9969764809358664,5.370267796142657,1.216428212976955,-1.448226148884385
-0.606820283394655,4.685370125784192,7.384363286958485,-1.1295653135893708,3.1785366536088913,15.083668970885403,2.3630239107526063,4.353581703787411,0.7998100979736595,-1.2242252568576104
-0.49552110538569083,4.615197109152726,7.353169582728355,-1.3478302142731442,3.138573742331432,15.281640243829974,3.01737188418865,2.571359917569656,0.6437225527802719,-0.6584305835983648
0.04370615981984628,4.648303168950897,7.31120503880733,-1.2106357142240618,3.1072578299940274,15.818379804509803,2.3533180879032973,0.7946537172246657,0.9876075244413884,-0.15284652867323284
0.5651139220357858,5.130687622299444,7.087692334624926,-1.4654789355317421,2.885596781035456,15.89191891355888,0.7042691197239872,0.12355211219837706,1.3332741003056612,0.2107472415546709
0.902097498164434,5.559219977163731,6.528155322861011,-1.5019190616198548,2.7146143713589566,15.882142588633752,-0.5802907676269536,0.8209302776912,1.770810169124105,0.7545074589525762
1.6167629553886504,6.240164600518237,6.060474654903567,-2.1111078787425757,2.1879602421541517,15.66428957232068,-0.8291417239048593,1.5653338126745444,2.216139895895126,1.089259865752065
2.3989116654083875,6.718159195654035,4.709030930553535,-2.743678694094871,1.041377301956099,15.617522424318592,-0.042827172929674036,2.4667480681243035,2.6560679171957093,1.427698430518979
3.0241377325198204,7.171732449837427,2.9701051774807703,-3.386698425646949,-0.2499899003353249,15.292984863801692,1.9826550207975215,2.3817489526224476,3.213236972585892,2.0533536284742095
3.834494103761119,7.267864463298819,0.982847731006115,-3.518458254386761,-1.6231624175312205,14.650063847921238,4.174154293160409,1.063823452100524,3.652278042867556,2.594211140150917
4.712370504666069,6.685965909388806,-1.2388735024598254,-2.5928514063692933,-3.4146591882391104,13.429350239841522,6.313056409355201,-1.2709273807841324,3.8029921936325124,4.081239860682584
5.377141195428339,5.195585026081186,-2.5393377332089764,-1.0508216683022786,-4.064664015120424,11.569301494727645,7.417305685901797,-3.637809923012596,4.427766579277761,5.830739493998908
5.3481183215332395,2.636245953935933,-3.1909779215151737,0.6154392405295126,-3.6267987768597356,10.21758625605989,7.189948916823977,-5.087744556866721,4.670113940333196,8.008633967304617
3.992866565811415,0.17127676452988327,-2.8821937783759766,1.7069824758627843,-2.3240754806081547,9.476993152873593,5.93776789751705,-5.852661732949867,4.277108353172146,10.658992689074552
2.091312080810415,-1.272965101567577,-2.173359142428121,2.3937411441081684,-0.4195961561732091,9.49047808274918,3.8973307490098636,-6.591582471634378,2.532817672362136,12.300108864131936
0.9151880882861421,-1.7362102023531538,-1.5255474937264324,2.552005199987989,1.34434541761606,9.224177351625794,0.7800961412440756,-6.938921264498781,-0.3587333652268414,12.468598592380195
1.4439368326766258,-1.8746141848194107,-1.1457490210430374,2.3723249763030645,2.9541132284507343,9.009850654064007,-2.673799696892551,-5.38240779956055,-3.8208069782234144,11.576580951144772
3.4746384999751974,-2.7548372616438814,-0.5268539453384763,2.592480817347226,4.620378018929429,7.853519249425204,-5.2117088975169645,-1.9403162104459248,-6.070503251651826,9.815681768726398
4.97441417207668,-4.014103075855471,0.22761516981765115,2.9142104964384026,5.6431976445379775,5.742419273447223,-5.926325800194569,2.135636475505587,-5.173901299938617,8.648031891943639
4.6512662258192154,-5.2171248305772435,1.0768305018792022,3.5566600055832063,6.587126559560116,2.9731538912890243,-5.716177510837577,5.011942201511396,-1.661179665673277,8.573148776089052
2.501600382604601,-5.8860072535742916,1.3198595619890825,4.758995746015339,6.709837459921609,0.329360971343872,-5.010334631990819,5.370930541416289,2.5434669160905528,8.25663192469278
-1.1561445079577255,-5.3520697348321615,0.35905159881018234,5.59292203783561,6.4249118239093015,-2.414614230315302,-4.348652790889929,4.4208840645116485,6.1127764729362415,7.599777367357305
-4.3064423649538615,-3.6357257711861353,-0.956513935832943,5.7223406786175754,5.556222013175654,-4.621638220407858,-3.2691795151099665,2.611087727160884,8.161613258122825,5.2850340651197385
-5.875654129999611,-1.4634689782094719,-1.8256981540109933,5.400722363758902,4.5360520703586555,-5.90595744578382,-1.816092788890207,1.468084914783477,8.987914599619243,2.5773571286483588
-5.784018980857515,-0.23451659490856552,-1.6260173888290446,5.180936106633157,3.705458410986716,-6.517957854126906,-0.14048984694620198,1.0718916744719507,9.023382967118744,-0.01431945166613835
-4.231894406243526,0.3751750790103596,-1.035727729224583,5.484431162690434,2.6985340249158014,-6.370460127899558,0.9632198809540837,1.8595801062802753,9.032932413283138,-2.509459645016497
-2.127284470695844,0.3546052754357337,-0.19784554638108406,5.558831235426701,1.4581915805315901,-6.139954270576831,1.3438473471183192,2.9834975107716124,8.564939720973246,-4.451687700402119
0.20928591466283608,0.6463473745215726,0.36375207304419027,5.6423565164310165,0.28139133496336716,-5.529090958631258,1.0172642392771245,3.8736327416912726,7.471010438114944,-5.321730060387089
2.3475041332454176,1.4826655237400352,0.9086893017046145,5.850209766130729,-0.6351122111459869,-4.891542077568328,0.21619213695885253,4.804422587720892,6.260067659287863,-5.784635250156117
3.794505500458645,3.041541833658694,1.776768681779868,5.939436702134264,-1.8985088372853756,-3.6202515018404187,-0.5672399431666441,4.914990055916191,5.34477444583117,-5.327332823746988
4.126325410057392,4.724604743613215,2.376596895754388,5.2729193604687365,-2.638666081065182,-2.2034330402026807,-1.161090110652538,4.9257701630275195,4.321473543009933,-5.1746841986764105
4.170412526143335,6.447348064081559,3.0551876183878512,4.405398444571762,-2.9644828933477108,-0.8175949550589964,-1.0502744499907808,4.656848390412342,3.801270747435169,-4.409886636622078
3.6876278103944804,8.055416909818653,3.1411913563471776,3.012712135870371,-3.0624639924024923,0.5093597196848341,-0.6044281741653112,4.860857830998563,3.4155332862593517,-3.6814000914719607
3.095324382987539,9.302945769273173,3.1993829732507444,1.6449087758151868,-2.5388120674633785,1.4670529512199348,0.10667445462734826,5.189895609228862,2.953951076113392,-3.317558682524861
2.308376058492954,10.193938160611594,2.6208239340813355,0.316776524075708,-2.2530654249850786,1.7946480454562421,1.285945737045711,5.330104530831997,2.3541321210055504,-2.823234465742011
1.724462043414193,10.699271637753004,1.8924972101738793,-0.5139240559511451,-1.6556197717613907,2.0194713703336005,2.4692247306564252,5.831223495418592,1.411002619252676,-2.680070491031912
0.9115439311168879,10.92282293724461,1.0823358118638118,-1.0496641933896127,-1.0450615568381532,2.1224396740365514,3.3421326166591885,5.561575189212431,0.2169684790424649,-2.0796630125775066
0.25175619710990493,10.902250451812227,1.0834151272029535,-1.0180013568132775,-0.45479595164111525,2.3927187148341007,4.501750857247375,5.3268892480211925,-0.7294760401261634,-1.5832203505389266
0.17149653445674903,10.866928447455061,0.7945229523040971,-0.8469657710779755,-0.11126424024357043,2.6928017128305113,5.323850229543397,4.6986876844206975,-1.7572679302647642,-0.4992894498653282
0.48370095037845706,10.847361722832765,0.5524715649475129,-0.8830329452296133,0.5071444586908685,3.014519116223452,6.077735816211713,3.5321717400872723,-2.5299017360564036,0.2715944260545653
1.4543247375244066,10.702376142354858,0.39734227416705076,-0.3995934784200138,0.7544872581674095,3.576106292960266,6.700893682952748,1.9587288824428843,-2.6291258088035723,0.860899160598044
2.5458967822210967,10.718334951474242,-0.12278688578744251,0.17032587888168793,1.042883533170897,4.210168899296147,6.848733634664582,0.270162747516869,-2.2150668901875914,1.2879647695084102
3.5519170170440155,10.321719300272463,-1.1705820485718075,0.7756035524814412,1.5127399660027876,4.7383311951345455,6.650511451106794,-1.5184809703289535,-1.6469158171968992,1.604621100119471
5.005314908805625,9.44174907924011,-1.9932261226552481,1.9330237328710518,2.5461648341106873,5.663575446436424,5.7407372847637514,-2.7523562384151075,-0.44945842526335417,1.4661630648473654
5.701802651128252,8.534252989160164,-2.533164053364078,3.043178921333414,3.796502881084804,6.2646599395119456,3.9245192791611174,-3.472455922776936,0.5804763581616977,1.8869941257369913
6.743969475575102,7.2018116707957525,-3.2436893868213597,3.713208716344501,5.8101098071223785,6.310628506050904,1.5525834131998808,-3.7224279113658185,1.0446477984471525,2.7158962034830494
7.702979084590243,4.7495936177550115,-3.6329161775031276,3.984764105564379,7.6975674909149205,5.300555032238717,-0.839919489842362,-3.2312981837641295,0.9366665735772449,3.700290750902835
8.495654522044752,2.0355822572979934,-3.4349218086650986,3.2952769437414773,9.300542498006184,3.0905797345694856,-2.6472131481807044,-2.2207973956960307,0.6603439295159861,4.540031635018106
8.241805923967483,-0.9668044943820747,-2.911905445578007,2.145579099317847,9.944592681533562,0.8143922422796812,-2.9921858809234627,-1.4620670017241961,0.4867569363155205,5.26798295436827
7.682135283970446,-3.522973906812908,-1.6726340029436197,1.1548992580650146,10.159991460562496,-0.9470956065339087,-2.264177595547853,-0.8103951701562346,0.3875610878233705,5.686544848500219
6.413385161257741,-4.998232152096731,0.20945466552511105,0.9549089303470464,10.129334183648105,-1.5400134178655684,-1.09644279976042,-0.5931318147563468,0.5778955352950258,6.170691249607059
4.649771238002049,-5.744732266145361,2.043185547136654,2.1654733238466184,10.031611850199253,-2.044719686025005,0.5038018803174843,-0.10577846544339513,0.9102860506411787,6.524211688687097
2.5627771458469897,-5.9016583338660595,2.325256327797788,4.092835100747177,9.296817543568649,-2.461315111818862,1.835123734942171,0.757388447798357,1.5999849192186608,7.021966771397565
0.24461469779125047,-5.487044610089303,1.6412399323369007,5.8325102312396995,8.163251677293252,-2.8644228449033085,3.421689264117294,1.6752539141533713,2.2173432289492228,7.135006434845192
-1.622833965760366,-4.518617440970381,0.30750620746226043,6.796218118886876,6.848375772141947,-3.1701436715762767,4.286728383088638,3.34526916297031,2.911312833158533,6.590212644864596
-3.4727220985830027,-2.759714938632149,-0.7163265413034032,6.6993356989760775,6.089691102370066,-3.156033910340749,5.068926627063453,4.943037695738514,3.610469847970925,5.832113972160594
-4.078836943115096,-0.9944571704772966,-1.1911906919793067,6.601305652749093,5.617164872508803,-2.8206316986607183,5.239138086064172,6.861796647772646,3.8343002171570633,4.387171177907932
-4.098767556982468,0.4309559056752877,-0.9998896988901586,6.489566585685202,5.273313962561258,-2.7721980791215293,5.37233708915085,8.701641786835944,3.4722872987113433,2.4284615862319274
-3.420572354752289,1.0684732848381984,-0.04905907011333159,6.466514408696411,5.052525379175281,-2.4820481705539534,4.94195993848672,10.159451762212058,2.0605705872569895,1.0510026120883458
-2.9540143515481345,1.7068290431264554,1.172094425818867,6.664010726924602,4.216102883825513,-2.278026679219378,4.411941654343785,10.904638086214971,0.37401366719095996,0.6783501903134775
-2.1415446840445593,1.9122076625883244,2.3222669033972743,6.987132247954283,3.2439260634401283,-2.010857696256185,4.101990367441341,11.221402875971771,-1.0550787416946312,1.032266185494023
-1.2231435011911962,2.2267898943187947,3.543784541177376,7.393297733657488,1.9091446370687475,-1.946896261243402,3.4257612728309366,11.304555781311942,-1.4092888181992511,2.4472246013468775
-0.14920206612192763,2.333678121085264,4.828525494987041,6.957737516898311,0.13616750216837625,-1.5030741356629416,2.8530586681945738,11.258075674051188,-0.9095549160458084,3.6699232829496164
0.8694666486111777,2.8698100510205324,6.139496809512179,6.29332459528143,-1.6728275777286212,-0.8132999688141416,2.367838499010783,11.44752379314555,0.38272400474530655,4.036301502133173
1.839242016967252,3.3538835832604,6.982087065237289,4.533457712750977,-2.8591056942622917,-0.07616958970153861,2.503595733018892,11.508713305096489,1.578225528350755,3.8429919180140435
2.6079187494091296,4.061523224596734,7.425557510088295,2.732328687780107,-3.465532665464051,0.5954982556968477,3.2630908936424015,11.764379714501548,2.4902325014620805,3.0503639743495206
3.0493558121248516,5.062606870797924,7.0948257603236575,0.13247915536929633,-3.1573064669336155,0.6599909416110402,3.9725059381246637,11.777277263350689,2.3350893591898334,2.4143806674562818
3.80508872717226,6.079384626755234,6.046668320720972,-2.005161174468359,-2.257161204303303,0.4796166005354186,4.905647835612415,12.08447798586148,1.3326071155008743,1.9519694795852551
4.649217848202774,6.902902464522711,4.001191735817333,-3.4605084274463755,-1.1285801290396476,0.23841541052184717,5.2805594779625755,12.09092341231239,-0.019491299355767624,2.0221579671983068
5.712640492770588,7.004380309784321,1.035608670635259,-3.754109508547011,-0.15546806526680337,0.577905041275798,5.649647592000392,11.64226196133038,-1.5291384020002843,2.8686228792386
7.426456089053541,6.146922753991109,-1.5138624893609451,-3.101913952831271,0.21437097488071588,0.993286051056066,6.246478952424208,10.965540326050052,-2.5346202374456865,3.477901926088784
8.863580423911952,3.7519557228723643,-3.6739416033718024,-1.8461050002424186,0.17971017987173898,1.554554182643713,7.22461940682256,9.420559493841457,-3.417576452538301,3.889394745303937
10.188178066133954,0.16048777009123355,-4.075463466583275,-0.8561913382564911,0.23529757097317278,2.2312810253180864,7.9278688595877265,7.407798040907444,-4.113401956368757,4.2145373163518265
10.657541983889535,-3.004365393965462,-2.489590289179817,-0.6822554556106377,0.7191004720676156,2.614813357832177,8.840393635766592,4.683060829136158,-4.531277676777703,3.60148490828774
10.74593933180458,-4.458611707487104,0.29704907365447875,-0.29006865534495974,0.8529792282421829,3.5177100372043917,9.10527654877833,1.5202322529274253,-4.958211645970325,2.0842449353808505
10.725360957601811,-3.411072704990013,2.904846077564403,0.6049640637677851,1.4818762586117653,4.148681030043493,8.944602549478738,-1.8502402010661927,-4.000550572864309,0.20385287825392245
10.626497943862919,-0.2727991395884238,4.115535165518565,1.626814244221113,1.9698393157418894,5.034098503909108,7.946588973623427,-4.549514801612302,-2.0455772510359496,-1.669898353329061
10.503410074917438,3.114603452363086,3.9443670058146183,2.129784065396938,2.398204709341614,5.935341807864388,5.946788193679407,-5.87776142450217,0.9011819825925095,-1.2708304001795003
10.424094123485034,5.34806344937247,2.305988417337006,2.3169830828757605,3.1033446369023983,6.443817734098009,3.5525435464994075,-5.94645389232604,2.8866058124074545,0.8244800122128491
10.703449417142973,4.927366767523782,0.45536347516652087,2.596055479261576,4.164255187391354,6.5883309015162,0.7750129996660179,-5.541790925611886,3.2027170897327646,3.783081704184032
10.979997658082326,2.459504496373088,-0.5411745781762303,2.904710984684587,5.309963364441844,6.103375413516991,-1.980381641710222,-4.699715951574464,2.032792767699886,6.211714579932188
10.667010937865275,-0.8461132356249633,-0.2640507931459894,3.047603757613146,6.06847826388316,4.416892306524516,-3.5859205744494216,-3.4830927211694553,0.5098650146877234,7.427187771764716
9.713934079936903,-3.999598385943469,1.2640836419272086,3.603817282633108,6.922706646137508,2.154806927877081,-4.581917859959167,-2.114665762385525,-0.581230979579148,7.465380864292089
8.170953005118275,-5.713847625966029,2.6629507848263296,4.97679232363507,6.981144264951981,-0.3871772066618616,-4.306905606282054,-1.0478412119472866,-0.8365679618901857,7.0568250474063285
6.570907381184604,-6.349527380068395,3.3377086610222055,7.222323767649432,5.302298199064028,-2.975033213395905,-2.9521111382484864,-0.7360759850155659,-0.8543348902506683,6.983455635223899
4.74896271670733,-6.708940897079831,2.8887633408065763,9.198969008314043,2.8243927182218336,-4.488127206093055,-1.5113814356303867,-0.5064071977254655,-0.5479705615524463,6.843893598037369
3.011098813222244,-6.56795539174889,1.462643472158852,9.871322526475293,0.06234906725828007,-4.47845198694645,-0.5303212571796704,-0.07258523475063453,-0.4153276693607417,7.128777029456215
1.0081373925665502,-6.57429772567803,-0.7774262814324836,10.133834332860076,-1.4310022177413082,-3.3890438382313035,-0.09604750565869592,0.28457690246407363,0.42397960589264094,6.9322818139917235
-0.9025291854152512,-5.581586153233174,-3.143015995501319,9.752510562834326,-1.2973651214354645,-1.8946844565672354,0.05649615118194803,0.7180643233497976,1.1121807220905118,7.243667774750991
-2.2509396874221808,-3.8397713103621607,-4.973251243014137,8.843749720149441,0.46633771357110015,-0.9457541692739155,0.5048186579849415,1.3225758173048476,1.7945921077972158,7.063422515555298
-3.43052950972695,-1.502436318015096,-5.869498753710371,7.594108653960398,2.8544915557997577,-1.1972319081147873,0.7248921944094351,1.7899561421056625,2.764036137869205,6.6443621063109735
-3.8644064986676683,1.3552005734466281,-4.924026681863487,6.774189132788605,4.7501584507982715,-1.7562336040917288,1.3994131705469535,2.2154002778940862,3.6822302868780956,6.117790102373345
-3.571678611795975,3.6195580557961327,-2.9529540346395726,6.343396923788657,5.68428439068958,-2.292800790656456,2.1481065678594127,3.393408472832328,4.157939699123031,4.999617780305967
-3.0555715903515632,4.822115232265232,-0.41502119696901324,6.324824559874631,5.556696673490748,-2.819152313118792,2.6013032024073452,4.262444032868296,4.7830142951365655,3.7786307867880504
-2.298187483828454,5.413768922026407,2.2707158870398287,6.506299081157079,4.550349912906166,-3.1956204376194246,3.019311744382416,5.926650565092786,5.261137741832401,2.2020356715913856
-1.6215933998417857,5.450940717980583,4.996760933007253,6.317035015327421,2.6202156379051305,-2.961806759865206,3.2086844903510663,7.334142186760087,4.708198193073924,0.3763023650313238
-1.1640862211113268,5.2161202965293265,7.112048316537631,5.490296707896446,0.34074406178015537,-2.6842373080054345,2.3451858408188744,8.385440605533434,3.8348788534777367,-1.1981097593750683
-0.7532077159434709,4.943108591983513,8.560738970412682,3.368610350699225,-1.5113237974405755,-2.0579374265594854,1.8234235331744135,8.945158702587902,2.5764979340444754,-2.0243274544754515
-0.5720295803431413,4.890415239549916,9.116039215686321,0.7407023863190261,-1.8515391764926434,-1.1452203562082968,1.2595813115094068,9.35025707273195,1.288569029599528,-2.280974334367376
-0.4870312730950814,4.777565059804363,9.4279993362334,-1.8031145735494036,-0.8320739430085112,-0.73726085433836,1.1986985151772092,9.409363736954088,0.041451145621945004,-2.230707406687007
-0.5962008560475304,4.759150842881653,8.9165832666465,-3.4072712813898214,0.9052026146024191,-0.2644615298304945,1.117649179755533,9.42994556624368,-0.8260365031058502,-1.4899018802469215
-0.4514691947224561,4.968025655893936,7.89971652494864,-4.017490742878105,2.8015080579954916,0.6264463621394977,1.6999613624024048,9.372402570268667,-1.1841732419803415,-0.16444955415960066
0.5717000979588334,5.097504445714657,7.155858706654144,-3.9644600257057383,4.395096202632302,2.220642184914259,2.4958818352736136,9.31899887933681,-1.5688406276991462,0.9494706648729362
1.404592828458202,5.703086863874052,6.092320977811054,-3.445989477783843,5.417406268620211,4.09240759490336,3.357528051696871,8.56083423706579,-1.6346838295587376,2.0340011468324235
2.638442746800875,6.002597740792701,4.817051476493149,-3.0287543040582476,5.6853504351925634,6.368475901097198,4.220822104400441,7.279835862783147,-1.706396546148636,2.7729825857388217
4.188147310273842,6.595330380696528,3.1559874052005683,-2.550896198502289,5.446616138293165,8.411102216240122,5.011964294340731,5.366905030624128,-1.698294733607767,3.330851504788533
5.917064151966829,6.572381951072495,1.288568468683063,-1.8961936926278868,4.755034160654704,10.142828914986621,4.66851543851974,3.212461140161266,-1.3954329319418597,3.686107382158383
7.257901542675361,5.447770839957602,-0.6284386364831268,-1.482120628543378,4.427030363449387,11.786502320800906,3.5342552825591964,0.934658548030278,-0.6976374952111457,3.761708594261684
8.457748017019387,3.46327589709148,-2.107488561502949,-0.8465645513390607,3.948070161542191,12.277022166170132,1.6818073006721217,-0.11791182761738393,-0.1625596708965758,3.881888805882731
8.99649662464167,1.0711985326215334,-2.5672753942528677,-0.334395847433871,3.797427155129883,12.402064989971565,-0.43750278093734046,-0.2198731960416614,0.2577377283167575,4.146494650130595
8.896113491839042,-1.3170755093635549,-2.0088150367263986,-0.5137275166252407,3.706410292330258,12.086480627028726,-1.7309715313515732,1.0090894214005521,0.9143459983033427,4.517085200614478
7.843142230754094,-3.406473871401295,-0.31082231325747633,-0.22419716432084505,4.049612357813652,11.578489261300101,-2.48635406097457,2.4468562385063937,2.066461810690111,5.229926546229187
6.260817083899234,-4.46277401656026,1.4342801267416596,0.5424292761249756,4.293433445794699,10.981987812991894,-2.2198656861924757,3.936982128791341,3.724577624969196,5.919151548515875
3.471465392236036,-4.638511509208311,2.737406573067713,2.225377992279951,5.073955319257128,10.267346534376268,-1.686247797952095,4.784560586039395,5.764664620002599,6.249760390123894
0.6579348331272148,-4.185440207111167,2.7739596196266194,3.8617032306859964,6.22057837524215,8.930738040801788,-1.3771323383546317,5.361662031725346,7.59681779377086,5.367651588373312
-1.8701584114605412,-3.58980560460351,2.128033679999789,5.708930655872916,7.790105163494701,6.769820361602233,-1.1349335530241302,5.462795003332156,9.38814078594108,2.955470732895969
-1.9760281550877865,-3.0456539446344815,1.228276098739841,6.85432596576055,8.886349534936405,3.852529492741983,-1.3372341928629963,5.535619994313725,10.107771638485337,-0.12853550845842227
-0.3341894353989312,-2.563252625640453,0.5224699474187231,7.5048645177049105,9.505406060773181,0.49092638410618394,-1.4607331482872588,5.21419750432465,10.392449511493952,-3.075195456775929
2.3877453983512287,-1.5686151392265293,0.27282160081688833,7.9963272366795755,8.765354554106732,-3.0260932704135217,-0.6452847557211513,4.784027839440242,9.567622902645319,-4.116478461763379
4.9348976905559745,-0.1877044439556912,0.8325762267224346,8.218448038301165,6.998440399134946,-5.578831585791454,0.40816582212436214,5.005279206787562,8.458192565070616,-4.039248384531447
6.403465605640743,1.7727354674127602,1.3031591460277598,8.50969790722829,4.2121276827458045,-6.965551519549255,1.1777834885117502,5.7999948147896285,7.261188075278921,-3.1589474085587588
7.23126327715752,3.4792393251274216,1.7600652608707925,8.401934990184033,1.0613134174483945,-6.852855333249224,0.35574947812459384,6.7749706952610955,6.572203697167474,-2.5026491465528427
7.52761701471768,5.236346319541351,2.4540638070629988,8.104146654757148,-2.094115325994481,-5.728073106428345,-1.6600754643704814,6.33965706256174,6.154064157683809,-1.8027084454285787
7.571251079757367,6.736460582651613,2.859436277826179,6.877354928604703,-4.190546392503336,-3.327281246680571,-3.140627725549621,5.211079697550738,6.7632378144020935,-0.6349170359501208
7.775817704028517,7.788373853283784,2.641689318866366,5.402482378178649,-5.0478890439027735,-0.4710645449209299,-3.3973721337158946,3.9951028000870767,7.724172283757779,0.9401311566552627
8.009320866667718,7.999870597248247,1.73156189035881,4.26855169721592,-4.66251660439186,1.9536101094287053,-2.4590248931225274,3.193670011826826,8.548057888716844,3.4489583854458834
7.550783410844788,6.829901028913994,1.01076395538569,3.7261538880998213,-3.802041797396192,3.3290684019073074,-0.6673126261025782,3.2881393676025747,9.729967593266647,5.701634181088744
6.188132121364473,5.000877583385735,0.3782618256574516,3.9483270753519197,-2.2517973060116514,4.4610870192646,1.0295404907951875,3.507186119167061,10.65990405810015,7.791915238077306
3.4917710445140235,3.177986973353693,0.593096791754456,4.122393131026339,-0.7964544919692768,4.606066218763827,2.386812444641037,4.361932656013324,11.742708736713185,8.450001925223907
0.13725995622388432,3.011992040908683,1.4641385442970734,4.401860716733676,0.6609108023551389,5.06312307213406,4.01233203364902,6.063423444469009,12.975362967584031,6.804337538178699
-1.5354754441532028,3.585226344887573,2.7477223076415394,4.384366955793665,1.6478791578449725,5.540643700350552,5.899668760613906,7.81204527076795,12.546297925317495,2.0435246033214205
-0.587097108094643,3.385247219580165,3.9781619529454986,4.539619982289624,2.5546110145225986,5.755793094699321,7.942494715301627,9.751259596905564,9.00041723992202,-3.0251426806451285
0.1658688317016319,3.869004010988205,5.032099858340094,4.467168500154527,3.2524364232359355,6.724860262373222,10.295032330740172,9.474053230568757,2.289929305380777,-5.18052587851978
-0.3845629267642857,3.939127207451987,6.04889883470296,4.863385165649662,3.9081110763244493,7.9026724768790615,11.613310812518428,5.122854401281802,-3.273138443423938,-4.397363175998818
-1.5028161060023273,3.9382093981828694,7.435796879833491,5.2733691204137445,4.846766165827336,9.44460674526289,10.36381395108888,-1.7601542043662552,-4.008237008773034,-3.150071189470988
-1.7163589613075865,3.3186763655031553,8.837722324077266,5.970937671180651,5.5340808937241235,10.231139111104637,5.902708044797466,-6.14196068094405,-1.0348178466831919,-2.951523650764913
-1.3699812594133134,2.5653969376729107,10.060349118367576,7.231274726248537,5.883195116297324,9.161366287419375,-0.13271568792630997,-6.766199378973291,1.3896244775747557,-2.046274645299611
-0.9351505454912283,2.439899795691979,11.380292987162282,9.110405382787539,4.834060860996764,6.493570903448487,-3.835483029160212,-5.3650087382658365,1.502614722614785,-1.1985383241057324
-0.5381048080033962,2.1885159989872203,12.408748401487955,9.839141015825533,2.006805075559456,4.336012461122418,-5.210090331450529,-3.764400492258554,1.0738122755164785,-0.33868285683210986
-0.08242773564802441,2.5837380234567475,13.27035609907315,8.259119097841127,-1.5233920789038635,4.347687678989776,-5.007603825748006,-2.3833290536322838,0.6541088655398313,0.2829082977574043
0.7168692336648719,2.9692151699543836,14.131558616791123,4.516266611607513,-3.872913914538033,6.234054899015033,-3.821421155645421,-0.5382762289177784,0.961028037903313,0.7157950443441785
1.0076306171030194,3.850603308868518,14.075860938554179,-0.3270501182854614,-3.9262793972400405,7.429075485994591,-1.8557980185714755,0.8464949773277095,1.4221919203278257,1.254576524573783
1.545154831919708,5.180195090416536,12.884338892764422,-4.759125655021247,-2.4136509867291904,7.2331681551776565,0.22832162311978868,1.4786760512468746,1.7323434634841128,1.8616218808538374
2.5038647275602584,6.338930312600408,10.357756570332512,-8.329606078322985,-0.41368140153511856,7.078361088204639,1.717614314991023,1.536613118291121,2.26559995829252,2.1668485585878794
3.5553827972034053,7.25299496466998,5.813946276096586,-10.041969561869273,0.7823868550229659,7.141147761600518,2.5738523262134616,1.62003323738993,2.54633474727026,2.715890542626323
4.459940967387117,7.5928267028424035,0.9301744899640731,-10.11587829418427,-0.8138585285544248,7.288466565935433,3.299678860301934,1.2365342216407906,2.994261819513798,3.5521833737494073
5.342887909352966,6.1281308281839,-3.498084003360796,-8.594742485054997,-4.201693908726745,6.185991306743027,4.919229691000253,0.894218698620713,3.438302998257756,4.433893708766019
6.019765110354915,3.5292959653979756,-6.11946154871961,-5.222846225478831,-6.643897255119155,2.746112387539151,6.57749493473427,0.9548978517140838,3.782952007785919,5.587215190716524
5.797959988846671,0.45941923102008875,-6.324762508953485,-1.5697897112306813,-7.118866429790729,-0.3225117729459389,7.242707320913789,2.5621806260614584,3.9238380080820923,6.5634529018984065
4.2361646609156995,-2.1411580572752897,-5.241205430826157,0.8405387387492068,-6.320633186533105,-2.154133416524996,6.448737433222668,4.747755574040967,4.257781171727362,7.005416334649266
2.033336743638722,-3.5271635284551714,-4.15558356236846,1.6957989085027994,-5.462356710224433,-3.0069607951724264,5.162673247452357,6.891794455603067,4.853633034718505,6.495370880109656
-0.04381810041138169,-3.166262679434607,-3.6952913815977007,2.4731857426255366,-4.7542699283908085,-2.8828910415659315,3.3247367250782336,8.985408034633885,5.623016109139383,4.925837554536133
-0.951951332035585,-2.444651669676595,-3.4003028980101226,3.1775793836499098,-3.6377955777380935,-2.2428806624354904,2.106603413074031,9.946829494881019,6.210686658623248,2.066303266906005
-0.7407983033443768,-1.6671967897714506,-3.237432991642545,3.738078685936973,-2.6727884686175494,-1.5121731201031674,1.2268049199623396,10.597674861691464,6.0299264079684445,-0.7981638397398398
0.47210075200238805,-0.9531847038280779,-3.009662843971449,3.8898363864905448,-1.7300887746308942,-0.6010023390273121,0.9575395764288285,11.109170191913531,4.431685206077944,-3.0468540061635214
1.4401688333051255,-0.2840890668995658,-2.3477463622057524,4.5541218961017265,-0.5337632471837626,0.12099791148305342,1.3931808280805977,11.20242447879188,2.0018291475806196,-4.218954186504273
2.207862928340614,0.17053748204973695,-1.887286354935733,4.60931414184486,0.5258046729604933,0.5167240861098276,2.2329005867344978,11.065431895971107,-0.7273490842264098,-3.7851789916525496
2.2013315919668823,0.9660878503409484,-1.0458805854832751,4.9896104404230295,1.456638088558903,1.0364425614229962,2.870309826394645,10.696742816436846,-3.1531296063323047,-2.226552516466368
2.2629715456312085,1.405652796735996,-0.36323754808096737,5.0336190009741815,2.373880413344903,1.236759498667425,3.7397093129563994,9.967229043735218,-4.876121192334833,-0.0029100117469192076
3.0458897568541685,1.714547621785215,0.37855183518777497,5.453014521527799,3.136183256521246,1.3683773762013018,4.307221618855725,8.614333939851628,-5.210645686865422,2.094147764327191
4.3661620319101155,1.6375119363349315,0.9984986995218127,5.52028829771608,3.6200351319157016,1.8731498828512025,4.9212116278352545,6.968928742574356,-5.160154198316643,3.5279595464283044
5.953104330950765,1.2822862638744188,1.205292937774035,6.153518520592967,4.421782373905568,2.17410747893393,5.496210786894936,5.3091209938603505,-4.911288122277666,4.261059870652208
7.249807399242929,1.067505256386811,1.7239297072923452,6.410184235950566,4.689889020957442,2.2347821420892826,5.7889928987593,3.512234498924668,-4.477895817263653,3.8915555473686667
8.117400403460374,0.7389139068278989,2.063231413558187,7.070186549579509,5.009075901675424,2.4181504492598536,5.549243528354666,1.9708588577071242,-4.01183424858072,3.164051549725931
9.185449464669377,1.1158903117191088,2.556083849637869,7.685970539249983,5.5565791294143905,2.5259689665970204,5.370964998083016,0.7023969270373913,-3.566143224502031,1.9021848983922274
9.418113323247107,1.9641096211956643,2.6676118093190415,8.19730663076773,5.588522344774184,2.1155168129584125,4.91481588136083,-0.32009846784905643,-3.132295692545657,1.0737479773598688
9.694109190700855,3.3235825816877376,2.94028722806896,8.773646697289385,5.283143464828114,1.4441999695570842,4.937812933790443,-0.829565316215626,-2.2344558456594137,0.03634758002373645
9.510288687649712,5.374204060527655,3.0520101955004897,8.927173267296874,4.698622395375968,0.9398658275248555,4.847524149621124,-0.9542280576212615,-1.3168908370379941,-0.26572900531999133
9.429334400886635,7.177807451577529,3.2511135986542445,8.579992559116782,3.736764793469522,0.02645234803295815,4.99121222334079,-0.7423352027409355,-0.6303415234017167,-0.485098439116947
9.630203412213202,8.908360537601872,3.094491126156481,7.878166495884785,3.0186389602186465,0.29791087239838926,4.873228564619487,-0.5766476780054832,0.09912082063952524,-0.042646428733028124
9.610050247910142,10.321250659886193,2.488731491029543,7.160064666904681,2.1794841167935273,0.626310117201154,5.041181397307789,-0.14366748252575626,0.7282182710799069,0.5457287316232698
10.177979930779193,10.480191838827201,1.146641318732046,6.425732717038492,2.3721330224157433,0.9257549697355429,5.508953502084951,0.5660694763117499,1.105321118289181,1.4482875582743264
10.838717840834915,9.530871631798467,-0.5240119760060618,6.661602812961843,2.7766965163192934,1.167754495381203,5.677314467577295,0.9388400006881991,1.3528448406361144,2.2852296559134633
12.009943436670346,7.343109895876129,-1.9701043244111622,6.849108935294309,3.977787641195893,1.3235597905291376,5.5692185167157175,1.595042979275195,1.507425546264825,3.2502972615038144
12.724205463904596,3.5283994113825417,-2.8782189776475096,7.160069901965005,5.781315264276369,1.6211495192667273,5.457542969610777,1.8135314957654947,1.6838061574331873,4.6353274096172274
12.388349756052863,-1.0126334492220361,-2.436211099436113,6.48568740996025,7.361772651658173,1.2060580621846784,5.570741185065695,2.53681212393332,2.276002078957199,5.826475152026351
