0.9820622,0.5241435,0.28101417,0.29837674,0.34975386,0.17542265,0.1273468,0.11265162,0.9151982,0.50880533
0.68166137,0.9799225,0.2492728,0.60123116,0.10346373,0.19724533,0.14396654,0.1450531,0.16406342,0.87927866
0.6173484,0.422296,0.9943126,0.18997644,0.6352395,0.19188032,0.0887283,0.38524562,0.02551703,0.08309382
0.17906344,0.6731551,0.3267397,0.9857673,0.40168393,0.35183293,0.2910238,0.16546437,0.1602868,0.26037344
0.24628124,0.11200306,0.86181,0.633772,0.9818728,0.382974,0.21763013,0.40646374,0.08701853,0.17202444
0.2769067,0.13667765,0.24680284,0.8796944,0.59554595,0.9949307,0.17598006,0.28547248,0.31161317,0.0
0.055754513,0.24597685,0.13821289,0.12866238,0.48009577,0.52279705,0.9931618,0.41060635,0.6384887,0.09784503
0.1162128,0.24492209,0.46937865,0.16910005,0.3255573,0.69082254,0.5598123,0.9949445,0.36292914,0.29579094
0.73853797,0.123634204,0.06107594,0.14221542,0.15852855,0.24931836,0.89116216,0.49266675,1.0,0.49643716
0.58397996,0.4549685,0.10381814,0.13716035,0.1165383,0.10031365,0.09733366,0.7865527,0.59902334,0.9989621
