0.9121999,0.13678712,0.04492066,0.09972883,0.35490322,0.5052061,0.05266914,0.7023886,0.67046744,0.1530249
0.6451386,0.4854191,0.0928208,0.15305814,0.06848182,0.19306867,0.7912643,0.5395273,0.1931741,0.21735457
0.062781535,0.02629473,0.87748796,0.40813708,0.055498585,0.09612896,0.13425152,0.95503217,0.724898,0.026596079
0.117990464,0.18796368,0.40513948,0.7788685,0.2562381,0.055599824,0.65166444,0.32764265,0.69929016,0.18754458
0.3179604,0.41838074,0.110144176,0.119626425,0.83166003,0.73672,0.23553716,0.12561905,0.10796429,0.19498572
0.78049576,0.11020145,0.021912223,0.0,0.17258812,0.8711845,0.2409316,0.42114434,0.050546844,0.79835504
0.15058367,0.09842081,0.5349595,0.2669286,0.39142004,0.20721343,0.76744413,0.18010421,0.0006216758,0.56621766
0.9096789,0.23444395,0.4075091,0.3996985,0.23223007,0.15814899,0.056447778,1.0,0.74921274,0.18658006
0.65930516,0.6029224,0.051841456,0.07968378,0.21358247,0.014879039,0.10921301,0.31247225,0.8515427,0.051116828
0.38564178,0.15372486,0.10306917,0.40263873,0.48984644,0.83598995,0.27742258,0.36272398,0.04617184,0.79145837
